{
  "C:\\Users\\ustin\\Desktop\\meet\\auth-server": {
    "versionSfCore": null,
    "versionFramework": "4.2.4",
    "isWithinCompose": false,
    "isCompose": false,
    "composeOrgName": null,
    "composeResolverProviders": {
      "default-aws-credential-resolver": "<REDACTED>"
    },
    "composeServiceName": null,
    "servicePath": "C:\\Users\\ustin\\Desktop\\meet\\auth-server",
    "serviceConfigFileName": "serverless.yml",
    "service": {
      "service": "auth-server",
      "provider": {
        "name": "aws",
        "runtime": "nodejs14.x",
        "stage": "dev",
        "region": "us-east-1",
        "versionFunctions": true
      },
      "functions": {
        "hello": {
          "handler": "handler.hello"
        }
      }
    },
    "serviceRawFile": "service: auth-server\r\n\r\nprovider:\r\n  name: aws\r\n  runtime: nodejs14.x\r\n\r\nfunctions:\r\n  hello:\r\n    handler: handler.hello\r\n",
    "command": [
      "create"
    ],
    "options": {
      "template": "aws-nodejs",
      "path": "auth-server"
    },
    "error": {
      "message": "The \"create\" command was deprecated in v4. To create a new project, run the \"serverless\" command instead.",
      "code": "UNRECOGNIZED_CLI_COMMAND"
    },
    "params": {},
    "machineId": "a95824febbdb70a787faf222e62da967",
    "accessKeyV2": "<REDACTED>",
    "accessKeyV1": "<REDACTED>",
    "orgId": "70ddcf4e-25b4-4656-b3be-2ae44fc8a479",
    "orgName": "carreerfoundry",
    "userId": "WYGnn0j6DW7Wps5y0R",
    "dashboard": {
      "isEnabledForService": false,
      "requiredAuthentication": false,
      "orgFeaturesInUse": null,
      "orgObservabilityIntegrations": null,
      "serviceAppId": null,
      "serviceProvider": null,
      "instanceParameters": null
    },
    "userName": "carreerfoundry",
    "subscription": null,
    "userEmail": "ustinedon@gmail.com",
    "projectType": "framework",
    "versionSf": "4.2.4",
    "serviceProviderAwsCfStackName": "auth-server-dev",
    "serviceProviderAwsCfStackId": null,
    "serviceProviderAwsCfStackCreated": null,
    "serviceProviderAwsCfStackUpdated": null,
    "serviceProviderAwsCfStackStatus": null,
    "serviceProviderAwsCfStackOutputs": null
  }
}